seq,Classification,Real_Class,Prob
MEPAAMWTITDI,0,0,0.06049438263834548
CCNIEEKWFS,0,0,0.09508333333333331
HMYLAFPGGVHRA,0,0,0.36239790923217946
KLIWVWAYDIWPPREPMKSFAPMCLD,0,0,0.11311669324827217
LNESMAKKNQGRPELGT,0,0,0.25670139909110506
CYESMACWHHMEKNVLYERHLSQWLP,0,0,0.10977777777777777
YGRRARRRARR,1,1,0.9057315785593865
QLEINNIPCKICIIVIGPCWEERTGTTQERPSEAKHDIWYKTNQQGARH,0,0,0.11213269376486736
GLWRALWRLLRSLWRLLWSQPKKKRKV,1,1,0.9566369047619048
VRANRHMRLWNLFYSGKM,0,0,0.20874289891395154
HSDAVFTDNYTALRKQMAVKKYLNSILNYGRKKRRQRRR,1,1,0.7431407203907204
HIESESWFDYP,0,0,0.18500491175491177
GLGDKFGESIVNANTVLDDLNSRMPQSRHDIQQL,1,1,0.5481662489557226
KCFQWQRNMRKVRGPPVSCIKR,1,1,0.9525504691387043
LVYGYLQGLQS,0,0,0.19782955329694457
EKRPRTAFSSEQLARLKREFNENRYLTTERRRQQLSSELGLNEAQIKIWFQNKRAKIKKST,1,1,0.5645892857142857
DPKGDPKGVTVTVTVTVTGKGDPKPD,1,1,0.5865383406444887
MKYLHDQWLTPEFRYYWIKVSWTLWKFSHKLSEMIL,0,0,0.11892857142857144
KNPCTIKQYAFCN,0,0,0.1272011958911046
KAFAKLAARLYRKALARQLGVAA,1,1,0.9055357142857143
NNLCVMRMDMSDWNF,0,0,0.06686480186480187
RGERGERRELRLERGELRC,1,1,0.8649970431866982
RNTQPIPSHSWISRSELVRMLVDDEQTY,0,0,0.09006236490873513
HFDAYAEHKDLIS,0,0,0.20334368311999892
WRFKWRFKWRFK,1,1,0.9448155837129621
KRMWFVNFIRHKSCWMTIKYWSIMRIHNCR,1,0,0.5898953823953823
SLGWMLPFSPPF,0,1,0.3206305376958666
EYNYCGSINE,0,0,0.10764950749733357
KLAKLAKKLAKLAKNYRWRCKNQN,1,1,0.9627061965811966
VKVPQKNDEQYVM,0,0,0.03730311355311356
CSFWIGHEPSNIFSNTNETTFSCH,0,0,0.08036440314071892
NHKNFNKQAYPLWKNQV,0,0,0.49698778998779014
KSHAHAQKRIRRRLIILL,1,1,0.8819597069597072
CGNVVRQGCGYGRKKRRQRRRGTALDWSWLQTE,1,1,0.9327303921568628
KETWWETWWTEWSQPGRKKRRQRRRPPQ,1,1,0.9282727272727275
NANQWPQWNQICMTLWVVVGSWPDS,0,0,0.22761687906414071
MVRRFLVTLRIRRACGPPRVRVFVVHIPRLTGEWAAP,1,1,0.5400209235209236
PHQPFWFFAHCGATQLRMNGYEWW,0,0,0.1910114453596807
TTMQVGDCSFQNDIGWQMNNETDWGWNTCNDKVC,0,0,0.15386111111111112
VIIYHCWTWCDNLMVKL,0,0,0.12364018334606569
CWGDFGCWIIWQSNPCEQ,0,0,0.08572067770452473
LIRLWSHLIHIWFQNRRLKWKKKGGC,1,1,0.9838333333333332
VLAAVYYYITLLWIDSIWCKW,0,0,0.13876388888888885
PYHRKWFLCYFLGGGAGWCWPQ,0,0,0.39828253662178154
ADVFDRGGPYLQRGVADLVPTATLLDTYSP,1,1,0.7271440422322775
ETCMRINPASMSITKFTHESCSHYYE,0,0,0.11431562814017177
DNCCWHCKYRGHWYQHGEFNCFRLSL,0,0,0.21965622935416984
MFPWDQNCSCFRKRHVFMCKEYRYQVDPRCMHDIYHFSSFWDSMDMVLV,0,0,0.14809498834498835
WTFQVCSMGAWYNLGINAAKVNAWLVL,0,0,0.15263892025848544
FGFMDSLITFLALEFCCFI,0,0,0.08945163717861088
VKRFKKFFRKLKKSV,1,1,0.9574387659124501
FITKALGISYGRKKRRQRRRPPQ,1,1,0.9280833333333334
GRQLRIAGRRLRRRSR,1,1,0.9172804039150813
VHLPPPVHLPPPVHLPPP,1,1,0.7841441664047801
IAQSHPQRNDGDFTPM,0,0,0.02976479095617027
RKKRRQRRRGGGKLLKLLLKLLLKLLK,1,1,0.9413659147869673
LPHPVLHMGPLR,1,1,0.5359382001576909
SPMQKTMNLPPM,0,1,0.30511872675916657
SMARMQSEANVYWETD,0,0,0.0823560606060606
ENKCMDEDPHPMGQRERNRKNTTS,0,0,0.1663826173826174
KCPDRERRMLMRWCM,0,0,0.40850657164472964
LAFNKKMSTR,0,0,0.41965687209273383
TRRQRTRRARRNRGC,1,1,0.924021230013297
EHHQVQCTKARSMFHTA,0,0,0.24879353185691933
RWCKDGGVDNAQKKCVFMHYF,0,0,0.18244186681547234
KLLKLLLKLWKKLLKLLKGGGRRRRRRR,1,1,0.9613259777856552
TPKTMTQTYDFS,1,1,0.5236101953601955
CTWLGARMRWQNDQKND,0,0,0.15550241416650087
GQWCGGRHRYEPCHHPEAQWHQDACWQVNKKWYQLS,0,0,0.2041302688539531
GRCTRSIPPKCWPD,1,1,0.8321355793964491
GKKKKRKREKL,1,1,0.9406111111111111
KRPAAIKKAGQAKKKK,1,1,0.8319238599523079
RRRRWWWWRRRR,1,1,0.9837229437229438
ACSSSPSKHCGGGGRRRRRRRRR,1,1,0.9584999999999999
PTDHFIDVATYRSQEWRIAEYLG,0,0,0.11244949494949495
MYEGSYMSAMKPIDH,0,0,0.034072727272727275
CYVQLFTRDKAVTENKYNFKIVQWYPMV,0,0,0.08551896020646019
QPWIFYVMKEWGVKSQAGESTLTEY,0,0,0.1262190023683666
AYTWTGWDPCWSWHCHMRFLKEESHES,0,0,0.13526825396825398
GMGGMWSFIHGMTRWLAEG,0,0,0.10840125118783656
ACRGRGRRCGSGRRSCG,1,1,0.9783969197356622
AYRIKPTFRRLKWKYKGKFW,1,1,0.9883639463690614
LDTYSPELFCTIRNFYDADRPDRGAAA,1,1,0.5071165223665224
KGTLHNECPEMFPELERFLWTNK,0,0,0.035012265512265515
KYLVWPFNRSKAKYTWSYPMDWVSHTVMIFIASNDYMGKLC,0,0,0.18683232228298013
KLGLKLGLKGLKGGLKLG,1,1,0.5133947529079106
AIRFDAQCTMMAYTFREY,0,0,0.1179645580454404
DQIDPTRSEGVARFEPDCQGCTPRWPACVKMYKKEV,0,0,0.12499310776942353
SATGAPWKMWVR,1,1,0.7377759594473591
ARIVSNTTMWSVHLHMEW,0,0,0.23172536008547484
HSCKSQFSYIDRDMITGGT,0,0,0.11162493158182814
FDPFTFRYAIFFKNEQTWGIEVFYKSGQQDKSAH,0,0,0.1109230528243686
YEKERNENAKHYQPMFMRSWH,0,0,0.08409325396825397
WLRRIKAWLRRIKALNRQLGVAA,1,1,0.8686583333333334
YLCHDWLQNPKKDLWYRGAGQIDESHSQMVWRKPCTEIQ,0,0,0.18705136384083754
YGRKKRRQRRRAYFNGCSSPTAPLSPMSP,1,1,0.9402109116373825
KALAALLKKWAKLLAALK,1,1,0.9262669419294237
CKQNVLHPNKHCKCNSE,0,0,0.12441269841269842
GRQLRRAGRRLRGRSR,1,1,0.921142094017094
AIWQHLDLYSECKCGFSI,0,0,0.10468182494508373
SRRARRSPRHLGSG,1,1,0.9151087768440708
GEHCFYVPMHDGTGKMTSTAFLIGYCEYHPIQHDDYMACHVNFQ,0,0,0.09368563288563289
FRVPLRIRPCVVAPRLVMVRHTFGRIARWVAGPLETR,1,1,0.774579831932773
MANLGCWMLVLFVATWSDLGLCKKRPKP,1,1,0.9065833333333332
QSNHKSVAATSISTWGESGSSEI,0,0,0.2413286620786622
CGGGARKKAAKAARKKAAKAARKKAAKAARKKAAKA,1,1,0.9797619047619048
RYMPLVITHNDAES,0,0,0.10532957492545593
SWEQRNCQMLMNVCNVNRRKGCLGGGRK,0,0,0.4588655839877951
SHAFTWPTYLQL,1,1,0.5429528005157018
ARRRAARAARRRAARAARRRAARAARRRAARA,1,1,0.9903389983135453
YGDCLPHLKLCKENKDCCSKKCKRRGTNIEKRCR,1,1,0.7721428571428572
SRRKRQRSNMRI,1,1,0.8587346281814159
SLPPKLEAYNLMKFTAVGSIRYCMTTS,0,0,0.23598407668460142
CCIMHWYYTIEVFQ,0,0,0.08568486837236837
RQRSRRRPLNIR,1,1,0.8849114623121976
RQYKNEFQNQTQM,0,0,0.07839481351981353
HCETGAMHALE,0,0,0.05509281537176275
CRDRCVWQTTCVTCGNPAVKDQ,0,0,0.0527674929503574
KWFETWFTEWPKKRKGGC,1,1,0.8504689247950117
AAVALLPAVLLALLAKKNNLKDCGLF,1,1,0.8843749421841989
PKKKRKVWKLLQQFFGLM,1,1,0.9441600947361816
KLQQTRSTQTCE,0,0,0.26958964177190725
SGRGKQGGKARAKAKTRSSRAGLQFPVGRVHRLLRKGC,1,1,0.7237989294202528
KMTRAQRRAAARRNRWTARGC,1,1,0.8937876453611748
ISFDELLDYYGESGS,0,1,0.4192348484848484
QHQEYMPNNVSTNGWP,0,0,0.20834598883841168
RIRMIQNLIKKT,1,1,0.6499010227653406
ACRDRFRRCPADERLCG,1,1,0.9355154877801938
QACCEHIQEMFGSEIFCAS,0,0,0.06768045843045842
TIYQKATGHVQAKIPPL,0,0,0.18786753889385466
QVHMEKNNIMMPDNKWGYE,0,0,0.05925032840722495
ACVNKHMQGMNDSFETIDPYWI,0,0,0.023755651755651752
VPAKKDKYHGWWATFPSPSFVY,0,0,0.32220066915655154
LLRARWRRRRSRRFR,1,1,0.9086046411318149
GGGGRRRRRRRRRLLLL,1,1,0.9910059523809522
CGFVIATVWHQTYARDANREPSAA,0,0,0.1075595238095238
ACCMWVKEYMIHPYNELV,0,0,0.05813485942162412
HITSHGKYQIHPFHL,0,0,0.10539086687306504
RQIKIWFQNRRMKWKKTYADFIASGRTGRRNAI,1,1,0.9140805860805863
FLGKKFKKYFLQLLK,1,1,0.6935850260850259
MIIFRIAAYHKK,1,1,0.904040263842438
RLGTRCSVCMLHAWQGGKQVDE,0,0,0.04161517615176152
DAFQHVQFNHLTVYNIDHYFS,0,0,0.0977250233426704
TTPINDDWESM,0,0,0.1441688166905558
TVDVHPGAFDQL,0,0,0.09193290043290042
IQIDDESNPLSPGVNDLH,0,0,0.08951711211493821
GEQIAQLIAGYIDIILKKKKSK,1,1,0.7641189370485035
DLHHPQPEMFLLMTISD,0,0,0.0908101343101343
KRARNTEAARRSRARKLQRMKQGC,1,1,0.916722222222222
AWICGNMTCGHANMPYMAIYGFAVLSW,0,0,0.22324335891957273
IGFPDKKMQEMGYYYYDCNAS,0,0,0.1166442281550977
ALWMTLLKKVLKAAAKAALNAVLVGANA,1,1,0.7045899306008003
LTMPSDLQPVLW,0,1,0.45926258795048924
GRRHHCRSKAKRSRHH,1,1,0.9857897197627188
GLFEALLELLESLWELLLEA,1,1,0.8469950466200465
DCHVHMWSDYFDFMFK,0,0,0.02675555555555556
CHHHHHRRRRRRRRRHHHHHC,1,1,0.991297077922078
VAKLWTTIPTYWCHDRPCMFSYSCWWWVMHYIQR,0,0,0.17272296494355313
QGKTYTMIEEKII,0,0,0.06422222222222222
IRKFAQQIPVKEGTWQMICEM,0,0,0.04882334332334333
RLIMRIYAPTTRRYG,1,1,0.8576201420398288
SYIQRTPSTTLP,0,1,0.3338578613886439
PRAVHKPFIHYDKPMWYT,0,0,0.31576486550944755
SDVFFRPGSIEA,0,0,0.12322447868036102
LLKLLKKLLKLLKKLLKLL,1,1,0.7759301074742253
LDRQLSWNQTEWWRLCPFQ,0,0,0.08566525689223056
HRDDGYWTKSGGGAQDVNQGLLDSASNMMSMQNCYIHPKNN,0,0,0.19282034577949123
RRRRRRRGGKLAKLAKKLAKLAK,1,1,0.9759775345622118
TSHTDAPPARSP,1,1,0.7501919191919193
